"id";"nama";"sasaran_id"
"1";"Jumlah Tenaga Kerja Sektor Pertanian";"1"
"2";"Jumlah Tenaga Kerja Sektor Perkebunan";"1"
"3";"Jumlah Tenaga Kerja Sektor Peternakan";"1"
"4";"Jumlah Petani yang baru bergabung di kelompok tani";"1"
"5";"Meningkatnya Jumlah Produksi pangan pada perkebunan besar";"2"
"6";"Meningkatnya jumlah produksi padi";"2"
"7";"Meningkatnya Jumlah produksi jagung";"2"
"8";"Meningkatnya Jumlah produksi kedelai";"2"
"9";"Meningkatnya Jumlah produksi ubi kayu";"2"
"10";"Meningkatnya Jumlah produksi cabe";"2"
"11";"Meningkatnya Jumlah produksi tomat";"2"
"12";"Meningkatnya Jumlah produksi bawang merah";"2"
"13";"Meningkatnya Jumlah produksi daging sapi dan kerbau";"2"
"14";"Meningkatnya Jumlah produksi daging domba dan kambing";"2"
"15";"Meningkatnya Jumlah produksi daging unggas";"2"
"16";"Meningkatnya Jumlah produksi telur ";"2"
"17";"Meningkatnya Jumlah produksi susu";"2"
"18";"Meningkatnya Optimasi Lahan ";"2"
"19";"Cetak lahan sawah/Perluasan Areal Sawah";"2"
"20";"Pengembangan Infrastruktur Pertanian";"2"
"21";"Alat Panen dan  Pasca Panen";"2"
"22";"Alat Mesin Pertanian (Alsintan) Pertanian";"2"
"23";"Sarana prasarana, teknologi pasca panen dan pengolahan hasil perkebunan";"2"
"24";"Pengembangan dan Penguatan Permodalan Kelompok Perkebunan, pertanian dan peternakan";"2"
"25";"Penanganan Kerawanan Pangan";"3"
"26";"Ketersediaan dan Cadangan Pangan";"3"
"27";"Penganekaragaman dan Keamanan Pangan";"3"
"28";"Distribusi dan Akses Pangan";"3"
"29";"Berkembangnya sentra komoditas peternakan :";"4"
"30";"Kawasan Agrisbisnis peternakan (Kagrisnak)";"4"
"31";"Sentra Peternakan Rakyat (SPR) Sapi Potong";"4"
"32";"Sentra Peternakan Rakyat (SPR) Sapi Perah";"4"
"33";"Sentra Peternakan Rakyat (SPR) Domba dan Kambing";"4"
"34";"Sentra Peternakan Rakyat (SPR) ayam Buras";"4"
"35";"Sentra Peternakan Rakyat (SPR) Itik";"4"
"36";"Berkembangnya sentra komoditas Perkebunan :";"4"
"37";"sentra komoditas Karet";"4"
"38";"sentra komoditas Teh";"4"
"39";"Sentra komoditas Kelapa";"4"
"40";"Sentra Komoditas Cengkeh";"4"
"41";"Berkembangnya sentra komoditas hortikultura :";"4"
"42";"Sentra Komoditas Cabe";"4"
"43";"Sentra Komoditas Bawang Merah";"4"
"44";"Sentra Komoditas Manggis ";"4"
"45";"Sentra Komoditas Pepaya";"4"
"46";"Sentra Komoditas Pisang";"4"
"47";"Sentra Komoditas Jambu Kristal";"4"
"48";"Sentra Komoditas Bunga dan Daun Potong";"4"
"49";"Sentra Komoditas Biofarmaka";"4"
"50";"Produk olahan hasil pertanian :";"4"
"51";"Hasil Olahan Padi";"4"
"52";"Hasil Olahan Palawija";"4"
"53";"Hasil Olahan Hortikultura";"4"
"54";"Hasil Olahan Peternakan";"4"
"55";"Pengembangan, Pemasaran dan promosi atas hasil produksi pertanian unggul daerah :";"4"
"56";"Pemasaran dan promosi hasil Pertanian";"4"
"57";"Pemasaran dan promosi hasil Perkebunan";"4"
"58";"Kelembagaan petani :";"5"
"59";"Jumlah Gabungan Kelompok Tani (Gapoktan)";"5"
"60";"Jumlah Pusat Pelatihan Pertanian Perdesaan Swadaya (P4S)";"5"
"61";"Jumlah Koperasi Pertanian (KOPTAN)";"5"
"62";"Jumlah Lembaga Keuangan Mikro (LKM)";"5"
"63";"Jumlah Produksi Perkebunan Rakyat";"6"
"64";"Jumlah Produksi Karet";"6"
"65";"Jumlah Produksi Teh";"6"
"66";"Jumlah Produksi Kelapa";"6"
"67";"Jumlah Produksi Cengkeh";"6"
"68";"Jumlah Produksi Kopi";"6"
"69";"Jumlah Produksi Aren";"6"
"70";"Jumlah Produksi Pala";"6"
"71";"Jumlah Produksi Kakao";"6"
"72";"Jumlah Produksi Perkebunan Besar";"6"
"73";"Jumlah Produksi Karet";"6"
"74";"Jumlah Produksi Teh";"6"
"75";"Jumlah Produksi Kakao";"6"
"76";"Jumlah Produksi Kelapa Sawit";"6"
"77";"Jumlah Produksi Cengkeh";"6"
"78";"Jumlah teknologi pertanian, perkebunan dan peternakan tepat guna";"6"
"79";"Jumlah Tenaga kerja sektor Perikanan";"7"
"80";"jumlah Nelayan";"7"
"81";"Jumlah Pembudidaya Ikan";"7"
"82";"Jumlah Pengolah dan pemasar hasil perikanan";"7"
"83";"Jumlah Nelayan dan Pembudidaya ikan yang  baru bergabung di kelompok tani";"7"
"84";"Meningkatnya Pendapatan Pengolah / Pemasar Ikan";"7"
"85";"Meningkatnya pendapatan nelayan";"7"
"86";"Meningkatnya pendapatan pembudidaya ikan";"7"
"87";"Produksi perikanan tangkap";"8"
"88";"Produksi ikan konsumsi";"8"
"89";"Produksi benih ikan konsumsi";"8"
"90";"Produksi ikan hias";"8"
"91";"Sertifikasi Pembenih Ikan";"8"
"92";"Sertifikasi Pembudidaya Ikan";"8"
"93";"Jenis Produk olahan hasil perikanan";"8"
"94";"Produksi hasil olahan perikanan";"8"
"95";"unit pengolah ikan (UPI)";"8"
"96";"Jumlah UPI yang memiliki izin usaha perikanan (IUP) dan sertifikasi pengolahan hasil (SPh)";"8"
"97";"Jumlah  kelompok yang bermitra";"8"
"98";"Jumlah produk yang diekspor";"8"
"99";"Jumlah pemasar yang sudah diregistrasi";"8"
"100";"Jumlah Koperasi Nelayan";"8"
"101";"Jumlah Koperasi POKDAKAN";"8"
"102";"Jumlah Koperasi  POKLAHSAR";"8"
"103";"Konsumsi perikanan";"8"
"104";"tersedianya penahan gelombang, Tersedianya fasilitas penunjang air bersih, Fasilitas jalan Produksi, Tersedianya tempat berlabuh/ bongkar muat kapal, Tersedianya Pemecah Gelombang";"8"
"105";"Moderenisasi Armada Tangkap, Peningkatan produksi dan Mutu Produksi";"8"
"106";"Sentra Pemasaran Ikan Terpadu";"8"
"107";"Cluster Budidaya";"9"
"108";"Cluster Budidaya laut";"9"
"109";"Cluster pengolahan hasil perikanan";"9"
"110";"Jumlah teknologi perikanan tangkap yang didiseminasikan";"9"
"111";"Teknologi Perikanan Tangkap";"9"
"112";"Teknologi Budidaya ";"9"
"113";"Teknologi pengolahan hasil";"9"
"114";"KUB";"9"
"115";"POKDAKAN";"5"
"116";"POKLAHSAR";"5"
"117";"Rasio penduduk yang bekerja";"10"
"118";"Pencari kerja yang ditempatkan";"10"
"119";"Tingkat Partisipasi Angkatan Kerja";"10"
"120";"Jumlah pencari kerja yang memiliki kompetensi (pelatihan institusional)";"10"
"121";"Jumlah pelatihan kewirausahaan";"10"
"122";"Jumlah pelatihan berbasis kompetensi";"10"
"123";"Jumlah pelatihan berbasis masyarakat";"10"
"124";"Tempat Uji Kompetensi (TUK)";"10"
"125";"Jumlah alumni pelatihan berbasis kompetensi yang mengikuti uji kompotensi";"10"
"126";"Persentase penyelesaian kasus hubungan industrial";"10"
"127";"Jumlah masyarakat Pedesaan dalam memberdayakan Potensi Daerah (Pelatihan Non Institusional)";"11"
"128";"Jumlah KK transmigran yg diberangkatkan pd tahun berjalan";"12"
"129";"Jumlah KK transmigran yg dibina";"12"
"130";"Izin Usaha yang diterbitkan";"13"
"131";"Pelayanan penanaman modal dan Perlindungan Investasi";"13"
"132";"Kenaikan Nilai Realisasi PMDN";"13"
"133";"Kenaikan Nilai Realisasi PMA";"13"
"134";"Jumlah Produk IKM yang berkualitas";"14"
"135";"IKM  produktif";"14"
"138";"Wisatawan Lokal";"107"
"139";"Wisatawan Mancanegara";"107"
"141";"Peningkatan Sarana Prasarana Objek Wisata";"102"
"142";"Jumlah Koperasi yang berkinerja baik";"16"
"143";"Jumlah UMKM  yang berkembang dan berdaya saing";"16"
"144";"Kemitraan antara pengusaha besar dan UKM dalam pemenuhan kebutuhan lokal";"16"
"145";"Terjaminnya ketersediaan bahan kebutuhan pokok masyarakat  dan   barang-barang penting";"17"
"146";"Nilai Ekspor tahun berjalan";"18"
"147";"jumlah temuan barang yang diawasi";"18"
"148";"tertera ulangnya alat Ukur, Takar, Timbang dan Perlengkapannya (UTTP)";"18"
"149";"pembangunan pasar rakyat";"19"
"150";"peningkatan pasar rakyat";"19"
"151";"pengembangan pasar rakyat";"19"
"152";"Jumlah BUMDesa yang berkembang";"20"
"153";"Jumlah Lembaga Usaha Ekonomi Desa yang mandiri";"111"
"154";"kompetensi Pembina seni / Budaya daerah";"109"
"155";"Budaya daerah yang dikembangkan";"109"
"156";"Jumlah group/sanggar kesenian";"109"
"157";"festival seni dan budaya";"109"
"158";"Sarana penyelenggaraan seni dan budaya";"109"
"159";"Pengelolaan dan Pengembangan Pelestarian  Sejarah Purbakala, Museum dan Peninggalan Bawah Air";"21"
"160";"sarana/prasarana kepemudaan";"22"
"161";"Pemuda produktif";"110"
"162";"Lembaga pemuda";"110"
"163";"Penciptaan dan Penumbuhan entrepreuner baru";"110"
"164";"Olahraga berprestasi";"23"
"165";"Sarana prasarana olahraga";"23"
"166";"Penyediaan GOR di setiap Eks Kewedanaan";"23"
"167";"Pelaksanaan Pengajian Aparatur (Majelis Ta'lim Aparatur)";"24"
"168";"Penguatan Lembaga Keagamaan";"24"
"169";"Rakoor lembaga keagaam Kabupaten dan Kecamatan";"24"
"170";"Penyelenggaraan pengembangan Pendidikan Islam di sekolah";"24"
"171";"Gerakan Sukabumi Mubarokah";"24"
"172";"Penyelenggaraan hari besar Islam dan hari besar lainnya";"24"
"173";"Penyelenggaraan Idul Fitri dan Idul Adha";"24"
"174";"Penyelenggaraan Pemulangan dan Pemberangkatan Jamaah Haji";"24"
"175";"Apresiasi Ilmu, Seni dan Olahraga Santri Pontren, Pendidikan Diniyah dan Pendidikan Al-Quran";"24"
"176";"Penyelenggaran MTQ Tingkat Desa, Kecamatan, Kabupaten, Provinsi dan Nasional";"24"
"177";"Penguatan Pendidikan Keagamaan pada Pontren, Pendidikan Diniyah, dan Pendidikan Al qur'an";"24"
"178";"Pendataan dan Pemakmuran Lembaga Keagamaan Islam berbasis IT";"24"
"179";"Pembangunan dan Pemeliharaan Aset Keagamaan Islam (Pusbangdai dan Asrama Haji Kabupaten Sukabumi, Masjid Agung Palabuhanratu, Gedung Islamic Centre Cisaat (GICC), Masjid Raya Cibadak)";"24"
"180";"Pengawasan langsung Kamtibmas dan Kerja sama intelkam";"25"
"181";"jumlah Kegiatan pembinaan LSM, OKP/Ormas yang terdaftar dan aktif di Kabupaten Sukabumi";"26"
"182";"jumlah kegiatan pendidikan/pembinaan politik daerah";"27"
"183";"Jumlah kegiatan Patroli Pemeliharaan Tibum Tranmas";"28"
"184";"Jumlah kegiatan pengamanan hari besar nasional dan hari besar keagamaan";"28"
"185";"Jumlah Pelanggaran PERDA";"29"
"186";"Jumlah kegiatan pembinaan/ pelatihan/ bimbingan teknis bagi anggota POL PP";"29"
"187";"Jumlah PPNS";"29"
"188";"Jumlah anggota linmas desa terlatiih dalam tanggap darurat penanggulangan bencana";"30"
"189";"Jumlah anggota linmas desa terlatiih dalam pemeliharaan trantibum dan pengamanan wilayah";"30"
"190";"Bimbingan, Pelatihan dan Bantuan bagi PMKS dan Komunitas Adat";"31"
"191";"Bimbingan dan bantuan dalam Pelestarian Nilai-nilai Keperintisan, Kepahlawanan dan Kesetiakawanan Sosial";"31"
"192";"Bimbingan, Rehabilitasi dan Bantuan bagi Penyandang Disabilitas, Tuna Sosial, ANKN, ODHA, ABH dan BWBLP";"32"
"194";"Pemenuhan Kebutuhan Dasar dan Jaminan Sosial bagi Masyarakat Miskin (Keluarga, Anak, Lanjut Usia, Disabilitas Berat) dan Korban Bencana Alam";"33"
"195";"Pemberdayaan Potensi Sumber Kesejahteraan Sosial (PSKS) : Peksos, PSM, Karang Taruna, Tagana, Keluarga Pioner, WPKS, Penyuluh Sosial Masyarakat, TKSK dalam Penanganan Penyandang Masalah Kesejahteraan Sosial (PMKS).";"34"
"196";"Pemberdayaan Lembaga Potensi Sumber Kesejahteraan Sosial (PSKS) : LKS, LK3, WKSBM dan Dunia Usaha dalam Penanganan Penyandang Masalah Kesejahteraan Sosial (PMKS).";"34"
"197";"Partisipasi Perempuan di Lembaga Pemerintah, Swasta dan Organisasi Perempuan";"35"
"198";"Pemberdayaan dan Pembinaan terhadap Perempuan";"35"
"199";"Pengembangan Hak-hak Anak";"35"
"200";"Pemberdayaan dan Perlindungan terhadap Perempuan";"36"
"201";"Pencegahan dan Penanggulangan WNI-Migran, Korban Perdagangan Orang dan Korban Tindak Kekerasan bagi Perempuan dan Anak";"32"
"202";"Jumlah PNS yang mengikuti pendidikan dn pelatihan kepemimpinan";"37"
"203";"Jumlah ASN yang mengikuti pendidikan dan pelatihan teknis";"37"
"204";"Jumlah CPNS yang mengikuti diklat prajabatan";"37"
"205";"Sosialisasi Kediklatan";"37"
"206";"Hasil Kajian dalam Perencanaan Kediklatan";"37"
"207";"Evaluasi Purna Diklat";"37"
"208";"Analisis Kebutuhan Diklat";"37"
"209";"Jumlah jenis diklat yang diakreditasi / re akreditasi";"37"
"210";"Terpenuhinya Kompetensi SDM ASN sesuai standar";"37"
"211";"pejabat yang telah memenuhi persyaratan formal sesuai bidang tugasnya melalui seleksi terbuka jabatan";"37"
"212";"Pejabat yang memenuhi persyaratan seleksi diklat dalam jabatan";"37"
"213";"Pejabat fungsional yang memenuhi syarat kompetensi";"37"
"214";"Persentase formasi jabatan yang terisi sesuai dengan kompetensi";"37"
"215";"Dokumen pemetaan formasi PNS";"37"
"216";"Anggota KORPRI Yang Memiliki Kompetensi";"37"
"217";"Peningkatan Kelembagaan Organisasi di Bawah KORPRI";"37"
"218";"Tingkat Pelaksanaan Kinerja Anggota KORPRI";"37"
"219";"Pelaksanaan Pelepasan Purna Bhakti Anggota KORPRI";"37"
"220";"Meningkatnya Pengelolaan Kelembagaan KORPRI Unit";"37"
"221";"Meningkatnya kapasitas sumber daya aparatur";"37"
"222";"tingkat kehadiran aparatur";"38"
"223";"tingkat Penurunan pelanggaran disiplin aparatur";"38"
"224";"tingkat penyelesaian pelanggaran disiplin aparatur";"38"
"225";"meningkatnya pengetahuan peraturan kepegawaian";"38"
"226";"Persentase pegawai yang melaksanakan SKP";"38"
"227";"Persentase penyelesaian pelayanan adm kepegawaian melalui akurasi data yang akurat dan akuntabel ";"38"
"228";"Tingkat disiplin aparatur";"38"
"229";"Pelaksanaan Penataan  kelembagaan sesuai dengan Peraturan perundang Undangan";"39"
"230";"Pelaksanaan Penataan Ketatalaksanaan sesuai dengan Peraturan perundang Undangan";"39"
"231";"Indeks Kepuasan Masyarakat ( IKM )";"40"
"232";"Penetapan standar pelayanan dan Maklumat pelayanan";"40"
"233";"Pelaksanaan Gelar Inovasi Pelayanan Publik";"40"
"234";"penataan Pelayanan Perizinan Terpadu Kecamatan (PATEN)";"40"
"235";"Cakupan pelayanan administrasi perkantoran";"40"
"236";"Cakupan peningkatan sarana prasarana aparatur";"40"
"237";"Jalinan  Kerjasama Antar Pemerintah Daerah dengan pemerintah daerah yang berbatasan ";"41"
"238";"Jalinan  Kerjasama Antar Pemerintah Daerah yang tidak berbatasan ";"41"
"239";"jalinan kerjasama antar Pemerintah daerah dengan Instansi Pemerintah";"41"
"240";"jalinan kerjasama antar Pemerintah daerah dengan pihak ke tiga dan masyarakat";"41"
"241";"Penataan  Batas Wilayah administrasi pemerintahan";"42"
"242";"Inventarisasi dan pembakuan Rupa bumi";"42"
"243";"Peningkatan tertib administrasi kewilayahan ";"42"
"244";"Peyusunan kelengkapan persyaratan pemekaran Kabupaten Sukabumi";"43"
"245";"Pembentukan DOB Kabupaten Sukabumi Utara ";"43"
"246";"LPPD,RPPD, ELPPD, LKPJ dan LKj";"44"
"247";"Jumlah Pimpinan dan anggota DPRD dalam mengikuti Bintek, Seminar, Workshop, in house training dan Sosialiasi";"45"
"248";"Jumlah dialog/audiensi kepala daerah dan wakil kepala daerah dengan tokoh masyarakat dan pimpinan organisasi masyarakat";"46"
"249";"Jumlah Kunjungan kerja Kepala Daerah dan Wakil Kepala Daerah";"46"
"250";"Jumlah Peraturan Daerah Kabupaten Sukabumi yang Disahkannya/ditetapkan";"47"
"251";"Persentase Produk hukum yang disosialisasikan";"47"
"252";"Advokasi hukum aparatur (perdata/ptun)";"47"
"253";"Penyuluhan Hukum ";"47"
"254";"Jumlah Perda yang diundangkan";"47"
"255";"Jumlah Perbup yang diundangkan";"47"
"256";"Jumlah Keputusan Bupati yang diterbitkan";"47"
"257";"Data dan pemantauan sektor investasi dan pengembangan BUMD";"47"
"258";"Data dan pemantauan sektor pengembangan perekonomian dan perajin";"47"
"259";"Data dan pemantauan sektor sumber daya alam dan lingkungan hidup";"47"
"260";"Pembinaan Kesejahteraan Sosial";"47"
"261";"Lembaga Kemasyarakatan";"47"
"262";"Budaya dan Adat";"47"
"263";"Kabupaten Sukabumi sehat";"47"
"264";"Prosentase dokumen perencaaan dan evaluasi pembangunan daerah yang tepat waktu";"48"
"265";"Konsistensi Dokumen Perencanaan  : - Renstra Perangkat Daerah dengan RPJMD - Renja PD dengan RKPD";"48"
"266";"Prosentase Perangkat Daerah yang mendapat Fasilitasi Program Pembangunan";"48"
"267";"Rasio Aparat Pengawas Internal Pemerintah (APIP) yang profesional melalui pendidikan dan latihan teknis substansi pengawasan dan Diklat  Fungsional (sertifikasi)";"49"
"268";"Prosentasi Rekomendasi hasil Pemeriksaan Reguler Inspektorat Kab, Sukabumi yang ditindaklanjuti SKPD. ";"50"
"269";"Rata-rata jumlah temuan pada Seluruh SKPD ";"50"
"270";"Rasio SKPD yang menerapkan manajemen resiko dibanding dengan Seluruh SKPD di Kabupaten Sukabumi dalam mewujudkan kinerja SKPD yang baik.";"50"
"271";"Laporan Keuangan Pemerintah Derah (LKPD) Kab. Sukabumi yang direviu APIP ";"50"
"272";"Prosentase dokumen Rencana Kerja Anggaran (RKA) SKPD yang telah di reviu APIP";"50"
"273";"Rasio SKPD Yang menerapkan SPIP dengan Seluruh Jumlah total SKPD";"50"
"274";"Rata-rata nilai hasil evaluasi AKIP SKPD di lingkungan Pemerintah Kab. Sukabumi";"50"
"275";"Rasio Aparat Sipil Negara yang wajib menyampaikan LHKASN dengan Jumlah seluruh  ASN non pejabat eselon 2 dan 3 di Kab. Sukabumi";"50"
"276";"Rasio SKPD yang memenuhi kriteria Penilaian Mandiri Pelaksanaan Reformasi Birokrasi";"50"
"277";"Prosentase Kepala SKPD (PA), KPA dan Bendahara Pengeluaran SKPD yang meningkat pemahaman atas hasil pemeriksaan mengikuti melalui Rakor Hasil Pengawasan ";"50"
"278";"Prosentase SKPD yang dilakukan pemeriksaan tertentu ";"50"
"279";"Rasio Penyelesaian Pengaduan Masyarakat atau Lembaga dengan jumlah pengaduan yang ditangani";"50"
"280";"Raperda dan Perbup APBD yang ditetapkan";"51"
"281";"Perbup tentang Pergesaran PenjabaranAPBD yang ditetapkan";"51"
"282";"Laporan Keuangan yang akuntabel";"52"
"283";"Inventarisasi/ penatausahaan Barang milik daerah";"52"
"284";"Pengamanan Aset tanah";"52"
"285";"Jumlah Kebijakan tentang pengelolaan keuangan dan asset daerah yang ditetapkan";"52"
"286";"Cakupan pengelolaan laporan Perangkat Daerah";"101"
"287";"Kenaikan Pendapatan Asli Daerah (PAD)";"53"
"288";"Pemungutan pajak (Tax performance index)";"53"
"289";"OPD yang menerapkan arsip secara baku";"54"
"290";"Peningkatan Kegiatan SDM Pengelola kearsipan";"54"
"291";"Cakupan Kepemilikan KK";"55"
"292";"Cakupan Kepemilikan KTP";"55"
"293";"Cakupan Kepemilikan akta kelahiran ";"55"
"294";"Cakupan Penerbitan Akta Kematian";"55"
"295";"Jumlah SKPD yang terintegrasi dengan basis data terpadu kependudukan";"55"
"296";"Cakupan Visualisasi data base kependuduan berbasis sidakep GIS";"55"
"297";"Jumlah desa yang memahami akan pentingnya dokumen kependudukan";"55"
"298";"Fasilitasi pembahasan penyelesaian masalah pertanahan";"56"
"299";"Fasilitasi dan terinventarisasinya hak-hak atas tanah Pemkab Sukabumi";"56"
"300";"Fasilitasi Penatagunaan Tanah";"56"
"301";"Jumlah kelompok masyarakat yang berpartisipasi dalam pembangunan";"57"
"302";"Capaian Realisasi PBB dan Retribusi Daerah";"57"
"303";"Jumlah Penyelenggara Pemerintah Desa yang terlatih";"118"
"304";"Jumlah Administrasi Desa yang terkelola dengan baik";"119"
"305";"Jumlah Tenaga Teknis dan Masyarakat yang terlatih";"58"
"306";"Jumlah Desa Sangat Tertinggal dan Tertinggal yang statusnya meningkat";"59"
"307";"Jumlah Kelompok Binaan Lembaga Kemasyarakatan Desa";"112"
"308";"Tersampaikannya Informasi kegiatan Pemda Terhadap Masyarakat luas melalui Jalinan Komunikasi dan Kerjasama Media Massa baik media cetak, radio, televisi maupun media online";"60"
"309";"Penyampaian informasi publik melalui media informasi yang di kelola Pemerintah Daerah";"60"
"310";"Fasilitasi Pengadaan Barang dan Jasa Pemerintah secara Elektronik (LPSE)";"60"
"311";"Terintegrasinya Sistem Informasi Manajemen Pemda berbasis IT";"61"
"312";"Jumlah SKPD yang menggunakan Jaringan Informasi Terpadu";"61"
"313";"Dokumen IT Kominfo";"61"
"314";"Tersedianya Prasarana, Sarana dan Fasilitas Kominfo";"61"
"315";"Meningkatnya penataan dan pengawasan menara telekomunikasi";"61"
"316";"Meningkatnya Pembinaan dan Pengawasan Penggunaan TIK";"61"
"317";"Jumlah aparatur yang memahami pengadaan barang dan jasa secara elektronik";"62"
"318";"Pengadaan secara elektronik (e-purchasing dan e-catalog)";"62"
"319";"Jumlah aparat desa yang memahami pengadaan barang dan jasa secara elektronik";"62"
"320";"Sertifikasi Pengadaan Barang/Jasa";"62"
"321";"Rekapitulasi Pelaksanaan Anggaran OPD & DPPA-OPD";"62"
"322";"Laporan Pengegendalian dan Evaluasi Penyerapan Anggaran (TEPA)";"62"
"323";"BOR sesuai standar  (Bed Occupancy Ratio nilai standar 60-85%)";"63"
"324";"ALOS sesuai standar (Average  Lange Of Stay  nilai standar 3-5 hari)";"63"
"325";"TOI sesuai standar (Turn Over Interval nilai standar 1-3 hari)";"63"
"326";"Menurunkan angka NDR  (  Net Death Rate  nilai standar <25 ";"63"
"327";"Menurunkan angka GDR  (Gross Death Rate   nilai standar < 45 ";"63"
"328";"Frekuensi pemakaian tempat tidur ( Bed Turn Over /BTO ) nilai standar 40-50 kali";"63"
"329";"Jumlah Kunjungan Pasien Rawat Jalan";"63"
"330";"Jumlah Kunjungan  pasien Instalasi gawat darurat";"63"
"331";"kepuasan costumer baik  (Nilai baik antara  62,51 - 81,25)";"63"
"332";"BOR sesuai standar  (Bed Occupancy Ratio nilai standar 60-85%)";"63"
"333";"ALOS sesuai standar (Average  Lange Of Stay  nilai standar 3-5 hari)";"63"
"334";"TOI sesuai standar (Turn Over Interval nilai standar 1-3 hari)";"63"
"335";"Menurunkan angka NDR  (  Net Death Rate  nilai standar <25 ";"63"
"336";"Menurunkan angka GDR  (Gross Death Rate   nilai standar < 45 ";"63"
"337";"Frekuensi pemakaian tempat tidur ( Bed Turn Over /BTO ) nilai standar 40-50 kali";"63"
"338";"Jumlah Kunjungan Pasien Rawat Jalan";"63"
"339";"Jumlah Kunjungan  pasien Instalasi gawat darurat";"63"
"340";"kepuasan costumer baik  ( nilai baik antara  62,51 - 81,25)";"63"
"341";"BOR sesuai standar  (Bed Occupancy Ratio nilai standar 60-85%)";"63"
"342";"ALOS sesuai standar (Average  Lange Of Stay  nilai standar 3-5 hari)";"63"
"343";"TOI sesuai standar (Turn Over Interval nilai standar 1-3 hari)";"63"
"344";"Menurunkan angka NDR  (  Net Death Rate  nilai standar <25 ";"63"
"345";"Menurunkan angka GDR  (Gross Death Rate   nilai standar < 45 ";"63"
"346";"Frekuensi pemakaian tempat tidur ( Bed Turn Over /BTO ) nilai standar 40-50 kali";"63"
"347";"Jumlah Kunjungan Pasien Rawat Jalan";"63"
"348";"Jumlah Kunjungan  pasien Instalasi gawat darurat";"63"
"349";"kepuasan costumer baik  ( nilai baik antara  62,51 - 81,25)";"63"
"350";"Tersedianya obat, perbekalan kesehatan";"64"
"351";"Tersedianya obat Program";"64"
"352";"Tersedianya bahan kimia/reagensia untuk pemeriksaan kesehatan";"64"
"353";"cakupan Puskesmas yang melaksanakan kelas ibu hamil";"65"
"354";"cakupan Puskesmas yang melakukan orientasi program perencanaan persalinan dan pencegahan komplikasi (P4K)";"65"
"355";"Cakupan komplikasi kebidanan yang ditangani";"65"
"356";"Cakupan pertolongan persalinan oleh tenaga kesehatan yang memiliki kompetensi kebidanan";"65"
"357";"Cakupan Kunjungan Ibu Hamil K4";"65"
"358";"Cakupan Pelayanan Ibu Nifas";"65"
"359";"Cakupan Kunjungan Neonatal Pertama (KN1) sesuai standar ";"65"
"360";"Cakupan Kunjungan Neonatal Lengkap (KNL) sesuai standar ";"65"
"361";"Cakupan Neonatal dengan Komplikasi yang ditangani";"65"
"362";"Cakupan Kunjungan Bayi";"65"
"363";"cakupan peserta KB aktif";"65"
"364";"Menurunnya Jumlah Kematian Ibu";"66"
"365";"Menurunnya Angka Kematian Bayi";"66"
"366";"Cakupan Pelayanan Anak Balita";"67"
"367";"Puskesmas yang melaksanakan penjaringan kesehatan untuk peserta didik kelas 1";"68"
"368";"Puskesmas yang melaksanakan penjaringan kesehatan untuk peserta didik kelas 7 dan 10";"68"
"369";"Puskesmas yang menyelenggarakan kegiatan kesehatan remaja";"68"
"370";"Jumlah Puskesmas yang menyelenggarakan kegiatan kesehatan lansia";"68"
"371";"Persentase Puskesmas yang menyelenggarakan kesehatan kerja dasar";"69"
"372";"Jumlah pos UKK yang  terbentuk di daerah PPI/TPI";"69"
"373";"Persentase Puskesmas yang melaksanakan kegiatan kesehatan olah raga pada kelompok masyarakat di wilayah kerjanya";"69"
"374";"Persentase Puskesmas yang menyelenggarakan  kesehatan tradisional dan kimplementer";"70"
"375";"Jumlah puskesmas yang menerapkan Pelayanan Keperawatan Kesehatan  Masyarakat (Perkesmas)";"71"
"376";"Jumlah Puskesmas non rawat inap dan Puskesmas rawat inap yang memberikan pelayanan sesuai standar";"72"
"377";"Jumlah Puskesmas yang telah melaksanakan manajemen Puskesmas";"72"
"378";"Jumlah Puskesmas yang menyelenggarakan pelayanan kesehatan jiwa dan NAPZA";"73"
"379";"Jumlah Puskesmas yang melaksanakan pelayanan kesehatan Gigi dan Mulut";"73"
"380";"Jumlah Puskesmas yang memberikan pelayanan laboratorium";"73"
"381";"Jumlah Puskesmas yang memberikan pelayanan Kesehatan Indra";"73"
"382";"Jumlah Penduduk Penerima Bantuan Iuran (PBI) yang menjadi peserta jaminan kesehatan nasional (JKN)";"74"
"383";"Cakupan pelayanan kesehatan pasien masyarakat miskin di fasilitas kesehatan";"75"
"384";"Ibu hamil KEK yang mendapat makanan tambahan";"76"
"385";"Ibu hamil yang mendapat Tablet Tambah Darah (TTD) 90 tablet selama masa kehamilan";"76"
"386";"Bayi usia kurang dari 6 bulan yang mendapat ASI eksklusif";"76"
"387";"Bayi baru lahir mendapat Inisiasi Menyusu Dini (IMD)";"76"
"388";"Balita kurus yang mendapat makanan tambahan";"76"
"389";"Remaja puteri yang mendapat Tablet Tambah Darah (TTD)";"76"
"390";"Balita gizi Sangat Kurus mendapat perawatan";"76"
"391";"Pemberian makanan pendamping ASI pada anak usia 6 - 24 bulan keluarga miskin";"76"
"392";"Cakupan sarana air bersih (SAB)";"77"
"393";"Cakupan Rumah Sehat";"77"
"394";"Cakupan Akses Jamban Keluarga (JAGA)";"77"
"395";"Cakupan Angka Bebas Jentik";"77"
"396";"Cakupan Saluran Pembuangan Air Limbah (SPAL)";"77"
"397";"Cakupan Tempat Sampah";"77"
"398";"kebijakan publik yang berwawasan kesehatan ";"78"
"399";"Cakupan PHBS di Tatanan RT ";"78"
"400";"Cakupan strata desa siaga aktif";"78"
"401";"Cakupan sekolah  yang mempromosikan kesehatan";"78"
"402";"Jumlah Tema pesan dalam komunikasi, informasi dan edukasi  kepada masyarakat";"78"
"403";"Jumlah dunia usaha yang memanfaatkan CSR-nya untuk program kesehatan";"78"
"404";"Cakupan penemuan dan penanganan penderita penyakit TBC BTA";"79"
"405";"Meningkatnya angka kesembuhan penderita TB Paru BTA Positif";"79"
"406";"Cakupan penemuan dan penanganan penderita penyakit DBD";"79"
"407";"Cakupan balita dengan pneumonia yang ditangani";"79"
"408";"Cakupan penemuan dan penanganan penderita Diare";"79"
"409";"Cakupan Penemuan dan Penanganan Kasus Penderita Filariasis";"79"
"410";"Cakupan Penemuan dan Penanganan suspect Flu Burung";"79"
"411";"Cakupan Penemuan dan Penanganan Kasus Penderita Kusta";"79"
"412";"Cakupan Penemuan dan Penanganan Kasus Penderita HIV/AIDS";"79"
"413";"Annual Paracite Index (API) Malaria";"79"
"414";"Cakupan Penemuan dan Penanganan Kasus Penderita Rabies";"79"
"415";"Persentase PKM yang melaksanakan pengendalian PTM Terpadu ";"79"
"416";"Persentase desa / kelurahan yang melaksanakan kegiatan posbindu PTM";"79"
"417";"Persentase perempuan usia 30- 50 Tahun yang dideteksi dini kanker serviks dan payudara";"79"
"418";"Persentase Puskesmas Yang melaksanakan Kebijakan Kawasan Tanpa Rokok (KTR), minimal 50 % sekolah";"79"
"419";"Prevalensi tekanan darah tinggi";"79"
"420";"Mempertahankan Prevalen Obesitas";"79"
"421";"Prevalensi merokok pada penduduk usia <= 18Tahun";"79"
"422";"Cakupan Desa/Kelurahan mengalami KLB yang dilakukan Penyelidikan Epidemiologi kurang dari 24 Jam";"79"
"423";"Acute Flacid Paralysis (AFP) rate per 100.000 penduduk < 15 th";"79"
"424";"Cakupan Desa/kelurahan Universal Child Immunization (UCI)";"79"
"425";"Cakupan Pemeriksaan dan pembinaan   Kesehatan Jemaah Haji";"80"
"426";"Cakupan penanggulangan krisis kesehatan akibat bencana";"80"
"427";"Cakupan Tenaga Kesehatan Berizin di Praktek Mandiri dan Sarana Kesehatan";"80"
"428";"Cakupan Sarana Kesehatan Berizin";"80"
"429";"Cakupan Sertifikasi Produk Kesehatan Rumah Tangga ";"80"
"430";"Cakupan Puskesmas Terakreditasi";"80"
"431";"Cakupan Puskesmas dengan Sistem Informasi Terintegrasi";"80"
"432";"Jumlah SDM Kesehatan yang ditingkatkan kompetensinya (kumulatif)";"80"
"433";"Peningkatan fasilitas pelayanan kesehatan ";"81"
"434";"cakupan pasangan usia subur (PUS) yang istrinya dibawah 20 tahun.";"82"
"435";"cakupan sasaran pasangan usia subur menjadi peserta KB aktif";"82"
"436";"cakupan pasangan yang ingin ber-KB tidak terpenuhi (Unmet Need)";"82"
"437";"Ratio Petugas lapangan keluarga berencana/penyuluh Keluarga Berencana (PLKB/PKB) 1 petugas disetiap 2 (dua) desa/kelurahan";"82"
"438";"Ratio pembantu pembina  keluarga berencana (PPKBD) 1 (satu) petugas di setiap desa/kelurahan";"82"
"439";"cakupan penyedia alat dan obat kontrasepsi untuk memenuhi permintaan masyarakat setiap tahun";"82"
"440";"cakupan penyedia informasi data mikro keluarga di setiap desa/kelurahan setiap tahun";"82"
"441";"cakupan anggota bina keluarga balita (BKB)  ber-KB";"83"
"442";"Cakupan PUS peserta KB anggota usaha peningkaatan pendapatan keluarga sejahtera (UPPKS) yang ber-KB";"83"
"443";"Jumlah koleksi bahan perpustakaan di Kab. Sukabumi";"84"
"444";"Jumlah Pengunjung Perpustakaan";"84"
"445";"Tingkat kompetensi Pengelola perpustakaan";"84"
"446";"APK SD Sederajat";"85"
"447";"APM SD Sederajat";"85"
"448";"APK SMP Sederajat";"85"
"449";"APM SMP Sederajat";"85"
"450";"Angka kelulusan SD";"85"
"451";"Angka Kelulusan SMP";"85"
"452";"Angka Mengulang Kelas SD";"85"
"454";"Angka DO SD";"85"
"455";"Angka DO SMP";"85"
"456";"Angka melanjutkan dari SD Sederajat ke SMP Sederajat";"85"
"457";"Angka melanjutkan dari SMP Sederajat ke SMA Sederajat";"85"
"458";"Rata-rata nilai ujian akhir SD";"85"
"459";"Rata-rata nilai ujian nasional SMP";"85"
"462";"Jumlah sekolah yang biaya operasionalnya terbantu dana APBD";"85"
"463";"APK PAUD";"85"
"464";"Jumlah lembaga PAUD yang memiliki ruang kelas untuk belajar";"85"
"465";"Jumlah PAUD yang menyelenggarakan pembinaan pendidikan keluarga (parenting)";"85"
"466";"Angka Kelulusan Paket A";"85"
"467";"Angka Kelulusan Paket B";"85"
"468";"Angka Kelulusan Paket C";"85"
"479";"Persentase kepala sekolah jenjang SD dan SMP yang telah mengikuti diklat calon kepala sekolah";"85"
"480";"jumlah TK terakreditasi";"85"
"481";"jumlah SD terakreditasi";"85"
"482";"jumlah SMP terakreditasi";"85"
"483";"jumlah PAUD terakreditasi";"85"
"484";"jumlah LKP terakreditasi";"85"
"485";"jumlah PKBM terakreditasi";"85"
"488";"SOP yang mengatur tata kelola organisasi dan pelayanan publik";"86"
"489";"Jumlah Aplikasi yang dikembangkan untuk meningkatkan efektifitas manajemen pendidikan";"86"
"491";"Perda Dokumen RDTR";"87"
"492";"Dokumen RTBL";"87"
"493";"Dokumen Pengawasan dan Pengendalian pemanfaatan Ruang";"87"
"494";"mekanisme dan Tata cara perizinan dalam rangka pemanfaatan dan penataan ruang";"87"
"495";"Ruang Terbuka Hijau (RTH)";"87"
"496";"masterplan pertamanan dan pemakaman";"87"
"497";"Penanganan Tanggap Darurat";"88"
"498";"Terpenuhi dan terdistribusikannya kebutuhan logistik untuk korban bencana";"88"
"499";"jumlah pelaksanaan upaya mitigasi bencana";"88"
"500";"Terselenggaranya Rehabilitasi dan Rekonstruksi pasca bencana";"88"
"501";"Cakupan pelayanan bencana kebakaran di kabupaten";"89"
"502";"tingkat waktu tanggap (respone time rate) daerah layanan WMK";"89"
"503";"persentase aparatur pemadam kebakaran yang memenuhi standar kualifikasi";"89"
"504";"jumlah mobil pemadam kebakaran di atas 3500-5000 liter pada WMK";"89"
"505";"Jumlah Sumber daya manusia yang terlatih dan sigap dalam upaya mitigasi bencana kebakaran";"89"
"506";"tingkat kemantapan jalan kabupaten ";"90"
"507";"pelayanan informasi tentang Infrastruktur";"90"
"508";"ketersediaan sarana pengelolaan jalan";"90"
"509";"Terbangunnya ruas jalan baru (Pembangunan jalan lingkar utara sukabumi (Cicurug - Cibadak)";"90"
"510";"Tingkat kondisi baik jaringan irigasi di daerah irigasi kewenangan kabupaten";"91"
"511";"tingkat penanganan darurat infrastruktur Sumberdaya air dan irigasi yang terkena bencana alam";"91"
"512";"Cakupan layanan air minum perdesaan";"92"
"513";"cakupan pelayanan air minum perkotaan";"92"
"514";"cakupan pelayanan air limbah domestik";"92"
"515";"Persentase pengurangan sampah perkotaan";"92"
"516";"Persentase pengangkutan sampah";"92"
"517";"Persentase pengoperasian TPA";"92"
"518";"kawasan kumuh";"92"
"519";"Tersedianya Pelayanan Jaringan Drainase Skala Kawasan dan Skala Kota";"92"
"520";"Pengurangan Luas Genangan";"92"
"521";"cakupan rumah layak huni";"93"
"522";"Cakupan Lingkungan Yang Sehat dan Aman yang didukung dengan PSU";"93"
"523";"cakupan pelayanan  informasi jasa konstruksi";"94"
"524";"cakupan pelayanan Izin Usaha Jasa Konstruksi (IUJK) ";"94"
"525";"Perlengkapan Jalan";"95"
"526";"Penerangan Jalan Umum";"95"
"527";"Terminal dan Halte";"95"
"528";"Kawasan Parkir";"95"
"529";"Pelabuhan Angkutan Sungai Danau dan Penyeberangan (ASDP)";"95"
"530";"Pelabuhan Laut Lokal";"95"
"531";"Navigasi Pelayaran";"95"
"532";"Perlintasan Sebidang Kereta Api dan Jalan";"95"
"533";"Kendaraan Angkutan Umum Perintis";"95"
"534";"Kendaraan/Kapal Perintis";"95"
"535";"Kapal Patroli Perairan";"95"
"536";"Bus Sekolah";"95"
"537";"Kendaraan Angkutan Umum Massal";"95"
"538";"Kendaraan Derek dan Skylift";"95"
"539";"CCTV dan VMS Pemantau Lalu Lintas";"95"
"540";"Kendaraan Pengujian Kendaraan Bermotor Keliling";"95"
"541";"Kecepatan rata rata jaringan transportasi jalan";"96"
"542";"jumlah kegiatan patroli perairan";"96"
"543";"Pengawasan LLAJ";"96"
"544";"Pelayanan Perizinan Perhubungan";"96"
"545";"Pengawasan Awak Angkutan Perairan";"96"
"546";"Rasio panjang jalan yang di lalui angkutan umum";"96"
"547";"Tingkat muat penumpang angkutan umum (Load Faktor)";"96"
"548";"produk hukum bidang perhubungan";"96"
"549";"Jumlah angkutan umum yang memiliki Izin Trayek";"96"
"550";"Jumlah Kawasan Tertib Lalu Lintas (KTL)";"96"
"551";"Jumlah Kendaraan yang melaksanakan Pengujian terhadap jumlah TKWU";"97"
"552";"Peralatan Pengujian Kend Bermotor";"97"
"553";"Emisi Gas Buang";"97"
"554";"Pelopor Keselamatan Lalu Lintas";"97"
"555";"Penanganan Pengaduan Lingkungan Hidup";"98"
"556";"Jumlah Masyarakat, Lembaga/Kelompok Masyarakat, Stakeholders dalam Pengelolaan Lingkungan Hidup";"98"
"557";"menurunnya jumlah pencemaran air sungai";"98"
"558";"menurunnya jumlah pencemaran udara";"98"
"559";"tertanganinya izin lingkungan dan izin PPLH";"98"
"560";"menurunnya pencemaran akibat limbah B3 dan sampah";"98"
"561";"Persentase Peningkatan Pengelolaan Tutupan Lahan (Vegetasi)";"99"
"562";"Persentase Peningkatan Pengelolaan Taman Keanekaragaman Hayati";"99"
"563";"Persentase Peningkatan Pengelolaan dan Rehabilitasi Ekosistem dan Sumber Daya Pesisir";"100"
"564";"persentase tingkat kondisi jalan kabupaten baik dan sedang";"90"
"565";"Persentase terhubungnya pusat - pusat kegiatan dan pusat produksi di wilayah kabupaten";"90"
"568";"Peningkatan kapasitas lembaga pengelola irigasi baik SDM, regulasi maupun sarana prasarananya";"91"
"569";"Tingkat kondisi infrastruktur sumber daya air dalam rangka konservasi sungai, danau dan sumber daya air lainnya";"91"
"570";"Tersedianya simpul jaringan transportasi berbasis jalan dan keretaapi";"105"
"571";"Tersedianya perlengkapan Jalan (Fasilitas Lalu lintas dan PJU)";"105"
"572";"Tersedianya simpul jaringan transportasi berbasis perairan";"105"
"573";"Tersedianya navigasi dan fasilitas keselamatan pelayaran";"105"
"574";"Tersedianya sarana angkutan umum publik dan operasional perhubungan";"105"
"575";"Menurunnya tingkat kemacetan lalu lintas di jalan";"105"
"576";"Menurunnya tingkat pelanggaran lalu lintas dan angkutan jalan";"105"
"577";"meningkatnya pengawasan dan pengendalian perairan";"105"
"578";"Meningkatnya kinerja angkutan umum";"105"
"579";"Meningkatnya kualitas pelayanan perhubungan";"105"
"580";"Meningkatnya jumlah kendaraan yang melaksanaan pengujian kendaraan bermotor";"105"
"581";"Meningkatnya kualitas Peralatan Pengujian Kendaraan Bermotor";"105"
"582";"Meningkatnya Pelopor Keselamatan Transportasi";"105"
"583";"Meningkatnya pembinaan dan audit keselamatan transportasi";"105"
"584";"Persentase Peningkatan Kompetensi Pegawai";"37"
"585";"Tingkat partisipasi anggota KORPRI";"37"
"586";"Persentase Pelanggaran Disiplin Pegawai";"38"
"587";"Olahraga  rekreasi/tradisional";"108"
"588";"Pengelolaan dan Pengembangan Pelestarian  Sejarah Purbakala, Museum dan Peninggalan Bawah Air";"109"
"589";"Sarana dan prasarana kepemudaan";"110"
"590";"Fasilitasi Pengadaan Barang dan Jasa Pemerintah secara Elektronik (LPSE)";"60"
"591";"Penanganan WNI- Migran Bermasalah, Korban Perdagangan Orang dan Korban Tindak Kekerasan";"32"
"593";"Pemenuhan Kebutuhan Dasar dan Jaminan Sosial bagi Masyarakat Miskin (Keluarga, Anak, Lanjut Usia, Disabilitas Berat) dan Korban Bencana";"113"
"594";"Bimbingan, bantuan dan Pelestarian Nilai-nilai Keperintisan, Kepahlawanan dan Kesetiakawanan Sosial";"31"
"595";"Bimbingan, Rehabilitasi dan Bantuan bagi Penyandang Disabilitas, Tuna Sosial, ANKN, ODHA, ABH dan BWBLP";"32"
"596";"Perlindungan dan  Pelayanan bagi Masyarakat Miskin melalui Sistem Layanan dan Rujukan Terpadu (SLRT)/SELARAS";"113"
"597";"Setiap SD/MI memiliki jumlah guru kelas yang cukup (rasio antara guru kelas dengan jumlah siswa 1 : 32 orang)";"85"
"598";"Setiap SMP tersedia 1 (satu) orang guru untuk setiap mata pelajaran (11 mata pelajaran), dan untuk daerah khusus tersedia 1 (satu) orang guru untuk setiap rumpun mata pelajaran (7 rumpun)";"85"
"599";"Jumlah guru yang memenuhi kualifikasi S1/D-IV di setiap SD/MI minimal 2 orang untuk setiap satuan pendidikan";"85"
"600";"Di setiap SMP tersedia guru dengan kualifikasi akademik S-1 atau D-IV sebanyak 70% atau lebih (untuk daerah khusus sebanyak 40% atau lebih)";"85"
"601";"Jumlah guru yang disertifikasi sebagai pendidik di SD/MI minimal 2 orang untuk setiap satuan pendidikan";"85"
"602";"Di setiap SMP tersedia guru dengan kualifikasi akademik S-1 atau D-IV dan 35% atau lebih (untuk daerah khusus 20% atau lebih) dari keseluruhan guru telah memiliki sertifikat pendidik";"85"
"603";"PTK PAUD yang lulus KMD";"85"
"604";"PTK SD yang lulus KMD";"85"
"605";"PTK SMP yang lulus KMD";"85"
"606";"Setiap SD memiliki tenaga kependidikan terlatih dan bersertifikat";"85"
"607";"Setiap SMP memiliki tenaga kependidikan terlatih dan bersertifikat";"85"
"608";"Satuan Pendidikan Formal TK dan Jenjang pendidikan dasar yang terakreditasi minimal baik";"85"
"609";"Satuan Pendidikan Nonformal yang terakreditasi minimal baik";"85"
"610";"Jumlah Basis Data Pendidikan (Berbasis Sekolah dan Berbasis Masyarakat)";"86"
"611";"Jumlah Dokumen Rencana dan Pelaporan Pendidikan";"86"
"612";"Jumlah SOP Pendidikan";"115"
"613";"Jumlah SD yang memenuhi SPM";"85"
"614";"Jumlah SMP yang memenuhi SPM";"85"
"615";"SD yang biaya operasionalnya terbantu dana APBD";"85"
"616";"SMP yang biaya operasionalnya terbantu dana APBD";"85"
"617";"APK PAUD (3-6 tahun)";"85"
"619";"Pembinaan Terhadap Stakeholder Pariwisata: Lembaga";"106"
"620";"Pembinaan Terhadap Stakeholder Pariwisata: Masyarakat Pariwisata";"106"
"621";"Meningkatnya kunjungan wisatawan lokal";"107"
"622";"Meningkatnya kunjungan wisatawan mancanegara";"107"
"623";"Event wisata";"107"
"624";"Terintegrasinya Sistem Informasi Manajemen Pemda berbasis IT";"60"
"625";"Penyampaian informasi publik melalui jalinan komunikasi dan kerjasama dengan media";"117"
"626";"Rakor lembaga keagamaan Kabupaten dan Kecamatan";"24"
"627";"Jumlah PNS yang mengikuti pendidikan dan pelatihan kepemimpinan";"37"
"628";"Izin Usaha yang diterbitkan (Kawasan)";"13"
"629";"Terbangunnya ruas jalan baru Pembangunan jalan lingkar utara sukabumi (Sukaraja-Sukalarang)";"90"
"630";"Terbangunnya ruas jalan baru Pembangunan jalan lintas Palabuhanratu - Cisolok";"90"
"631";"Terbangunnya ruas jalan baru Pembangunan jalan Cibutun - Balewer";"90"
"632";"Terbangunnya ruas jalan baru Pembangunan jalan Situhiang - Mareleng";"90"
"633";"Ratio pembantu pembina  keluarga berencana (PPKBD) 1 (satu) petugas di setiap desa/kelurahan";"82"
"634";"Jumlah Percontohan Sekolah Sehat disetiap jenjang satuan pendidikan";"86"
"635";"Jumlah dokumen rencana manajemen pengembangan kurikulum dan proses pembelajaran yang efektif";"86"
"636";"Skor LAKIP minimal 80";"86"
"637";"Cakupan Lingkungan Yang Sehat dan Aman yang didukung dengan PSU";"93"
"638";"Prosentasi Rekomendasi Hasil Pemeriksaan Reguler";"101"
